time,Ax,Ay,Az,A_mag
2025-11-11T15:03:11.157643,0.389413601718843,-0.2131230807863176,0.8766727615147829,0.9826594178806045
